/*
 Navicat Premium Dump SQL

 Source Server         : localhost
 Source Server Type    : MySQL
 Source Server Version : 50726 (5.7.26)
 Source Host           : localhost:3306
 Source Schema         : springboot_init

 Target Server Type    : MySQL
 Target Server Version : 50726 (5.7.26)
 File Encoding         : 65001

 Date: 27/01/2025 17:34:18
*/

SET NAMES utf8mb4;
SET FOREIGN_KEY_CHECKS = 0;

-- ----------------------------
-- Table structure for post
-- ----------------------------
DROP TABLE IF EXISTS `post`;
CREATE TABLE `post`  (
  `id` bigint(20) NOT NULL AUTO_INCREMENT COMMENT 'id',
  `title` varchar(512) CHARACTER SET utf8 COLLATE utf8_general_ci NULL DEFAULT NULL COMMENT '标题',
  `content` text CHARACTER SET utf8 COLLATE utf8_general_ci NULL COMMENT '内容',
  `tags` varchar(1024) CHARACTER SET utf8 COLLATE utf8_general_ci NULL DEFAULT NULL COMMENT '标签列表（json 数组）',
  `thumbNum` int(11) NOT NULL DEFAULT 0 COMMENT '点赞数',
  `favourNum` int(11) NOT NULL DEFAULT 0 COMMENT '收藏数',
  `userId` bigint(20) NOT NULL COMMENT '创建用户 id',
  `createTime` datetime NOT NULL DEFAULT CURRENT_TIMESTAMP COMMENT '创建时间',
  `updateTime` datetime NOT NULL DEFAULT CURRENT_TIMESTAMP ON UPDATE CURRENT_TIMESTAMP COMMENT '更新时间',
  `isDelete` tinyint(4) NOT NULL DEFAULT 0 COMMENT '是否删除',
  PRIMARY KEY (`id`) USING BTREE,
  INDEX `idx_userId`(`userId`) USING BTREE
) ENGINE = MyISAM AUTO_INCREMENT = 1873637948159688706 CHARACTER SET = utf8 COLLATE = utf8_general_ci COMMENT = '帖子' ROW_FORMAT = Dynamic;

-- ----------------------------
-- Records of post
-- ----------------------------
INSERT INTO `post` VALUES (1873352784884043777, '测试标题1', '这是测试文本1', '[\"java\",\"python\"]', 1, 1, 1872960463587885057, '2024-12-29 20:58:03', '2024-12-29 21:05:59', 0);
INSERT INTO `post` VALUES (1873352814877511681, '测试标题2', '这是测试文本2', '[\"java\",\"python\"]', 0, 0, 1872960463587885057, '2024-12-29 20:58:10', '2024-12-29 20:58:10', 0);
INSERT INTO `post` VALUES (1873363672848519170, '阿八八八', 'lhkkkkk0的文本', '[]', 0, 0, 1873353890192175105, '2024-12-29 21:41:19', '2024-12-29 21:41:19', 0);
INSERT INTO `post` VALUES (1873623422735482882, 'lhkkkkk1', 'lhkkkkk1的', '[\"go\"]', 0, 0, 1873353890192175106, '2024-12-30 14:53:28', '2024-12-30 17:01:29', 0);
INSERT INTO `post` VALUES (1873623510975250434, 'ldajdjlsakjdl', 'lhkkkkk1的', '[\"C\"]', 1, 1, 1873353890192175106, '2024-12-30 14:53:49', '2024-12-30 17:01:30', 0);
INSERT INTO `post` VALUES (1873623578704871425, '阿八八八5555', '<p>lhkkkkk1大大蝴蝶结撒旦金沙酒店啊撒旦吉萨家看的撒娇的手机开机动画杀害单卡双卡觉得爱科技的卡号的撒很快就会大卡司但是的</p><pre class=\"ql-syntax\" spellcheck=\"false\">message.success(\'更新成功\');\nmessage.success(\'更新成功\');\nmessage.success(\'更新成功\');\nmessage.success(\'更新成功\');\nmessage.success(\'更新成功\');\nmessage.success(\'更新成功\');\nmessage.success(\'更新成功\');\nmessage.success(\'更新成功\');\nmessage.success(\'更新成功\');\n</pre><p><br></p>', '[\"C++\",\"C\",\"Linux\"]', 1, 1, 1873353890192175106, '2024-12-30 14:54:06', '2024-12-31 15:04:49', 0);
INSERT INTO `post` VALUES (1873623824147152898, 'Linux入门到入土55555', 'wdasdasdasd', '[\"Linux\"]', 0, 1, 1873353890192175106, '2024-12-30 14:55:04', '2024-12-30 15:36:37', 0);
INSERT INTO `post` VALUES (1873623852404178946, 'Linux入门到入土666', '<p>wdasdasdasd撒大苏打撒旦是的</p><p>编辑成功！！！</p>', '[\"Linux\"]', 0, 1, 1873353890192175106, '2024-12-30 14:55:11', '2024-12-30 18:54:40', 0);
INSERT INTO `post` VALUES (1873623854874624001, 'Linux入门到入土666', '<p>wdasdasdasd撒大苏打撒旦是的</p><p><img src=\"data:image/png;base64,iVBORw0KGgoAAAANSUhEUgAAAUcAAADjCAIAAACZ0UFwAAASyUlEQVR4Ae2dsW4jRxKG70kY7ivIfIB9gaU0kR5AIuBJNhUVasGM0AMokMnAYuhJBCzARBOYgDLLgRKJwRJYwcrY+R1UQE252c2R1nu3LN7HqFTT3VP9Vf89XUN6/a+Q+qxWq5Q74BcscICDFci2rYd/2eCwIQCBHSCAqncgiUwBAn8jgKr/hoM/ILADBBpV29oAW1ILBzh4XAONqndgi2IKEIBACAFVswwgsGsEUPWuZZT5QCCtaltLWEb4hQYc4LDNukir2kaMDQEI+CKAqn3li2gh0E4AVbczogUEfBFoVG1rRWzJIhzg4HENNKr2tRsRLQQgkCOAqnNk8EPAKwFU7TVzxA2BHIG0qm0tYXviFxpwgMM26yKtahsxNgQg4IsAqvaVL6KFQDsBVN3OiBYQ8EWgUbWtFbEli3CAg8c10Kja125EtBCAQI4Aqs6RwQ8BrwRQtdfMETcEcgTSqra1hO2JX2jAAQ7brIu0qm3E2BCAgC8CqNpXvogWAu0EUHU7I1pAwBeBRtW2VsSWLMIBDh7XQKNqX7sR0UIAAjkCqDpHBj8EvBJA1V4zR9wQyBFIq9rWErYnfqEBBzhssy7SqrYRY0MAAr4IoGpf+SJaCLQTQNXtjGgBAV8EGlXbWhFbsggHOHhcA42qfe1GRAsBCOQIoOocGfwQ8EoAVXvNHHFDIEcgrWpbS9ie+IUGHOCwzbpIq9pGjA0BCPgigKp95YtoIdBOAFW3M6IFBHwRaFRta0VsySIc4OBxDTSq9rUbES0EIJAjgKpzZPBDwCsBVO01c8QNgRyBtKptLWF74hcacIDDNusirWobMTYEIOCLAKr2lS+ihUA7AVTdzogWEPBFoFG1rRWxJYtwgIPHNdCo2tduRLQQgECOAKrOkcEPAa8EULXXzBE3BHIE0qq2tYTtiV9owAEO26yLtKptxNgQgIAvAqjaV76IFgLtBFB1OyNaQMAXgUbVtlbElizCAQ4e10Cjal+7EdFCAAI5Aqg6RwY/BLwSQNVeM0fcEMgRSKva1hK2J36hAQc4bLMu0qq2EWNDAAK+CKBqX/kiWgi0E0DV7YxoAQFfBBpV21oRW7IIBzh4XAONqn3tRkQLAQjkCKDqHBn8EPBKAFV7zRxxQyBHIK1qW0vYnviFBhzgsM26SKvaRowNAQj4IoCqfeWLaCHQTgBVtzOiBQR8EWhUbWtFbMkiHODgcQ00qva1GxEtBCCQI4Cqc2TwQ8ArAVTtNXPEDYEcgbSqbS1he+IXGnCAwzbrIq1qGzG2IwK3t7eTyeT05XN+fn59fe0oeEL9XgRQ9fci+YPHWSwWp6enxdrn9PR0sVj84OC4/f+WwPdU9XQ61UU1nU7fNJHn5+fBYFDXdbJXXdeDweD5+Tl5Nel8a5e6rjX40WiUHHODczqd5notl8uPHz/e3d1t6B5demuXxWKhwa8b/X7/9vY2ukUI4R9OeQPht8YfQti8ANaDx7OBQKNqWyt+gz16+YQQVqvV8/NzVVVi6703jylJvbm5Sba/ublRVW8eR7qvVitdc69pf3V1Zcevqkp2kNf0lTai6mT7aIkn20Ssvnz5ohvBa9oPBoOiKG5vb6+vrweDwfnL5/T0dDKZXF9fF0XR7/ejcabTqUxZ/DLlqE0yF9qmruuTkxPdatUfQnhr/LJmZFu342Dret6ci2j9NKrWbt9g/PONdvMIKtHXx/amLqPR6K2HiyiSH/isFt2KqqOoQgi3t7fy9I5q7H8+5Q2Eo41sPap1z+YFsN4ezwYC30fVIQR9Vtub2bUepe3u7u7w8FAW3HQ6latVVR0fHxdFcXh4aI+sdgHZc749sY9GIxnt+Ph4uVzaLqPRSJw2Nmvrg8s67+7uPn78uFwuxbk+F7mdPPHkqsZg9wi7xJfLpUywKAo9HUSH4bqubRc5J9uZ2iBDCOfn5xJJsn7Ww/np6antmJyyva9EZYPU2VnCl5eXcndbgNhxclNOLgCZplyyDG3k2K0EvpuqRZZFUdj1t64ETdvR0ZHodrlcfv78Wbqr9kajkV1PKtHn5+fLy0s59dl1afeUz58/W1VHQ+WIyJK1KymnaglVW8rZVfYamV1d13ZXsku8fvmEEGSta3ud+N3d3e3trXaJhkoG3+/3i6I4Pz9PXg0hyFu0fr8fNVifst5XWir2aNdWwkVRCAfRoabejpOc8t3dXXIB1HUdDRXFzJ+vIZBWta1n7Citflmsukavrq50CxcxSOLXj39yVevqSFG2rtZ4tI0aeknr6svLS7s7bI5fYlBBRsPqDhXVk3JTuSrj25mKgLVI1ghFJ1dXV1FjaSB1aVVVuvTFn4y/KIqDg4PJZGIHt+31Ya4NdJxoyrYets/qP/74wx5bZJyIg81pNI7eV9uooXFKJHJY091B49QRtH3kwW+BpFVtW3yDrU9RVYJ9yZlcx5EzUlRd17o72De39iior20kYGmm+8vrZ1HXtfSKYtC5qGHHtM5oLsvlcjAYyEleLsmRVR509rGmA+qpVde3Xlo3co9ibSkNohO4XhX1ypSjYPRZrUbUy+6YVqibpxzxkTGVjB6C7L2w30Tgv6Jq1UNurdsVYJOqi1hHkKs6jl1e2kYNO3NpeXl5+VZh68qOhk3GoHfUq3b/kqs6TrSaBULklC4SQ1VVh4eHykTvFRmTyUS2ifXH9WKx0Af1hiO6TlkNuYXS1inYW+tVcdqcavtodtpGDR1QWsqzGmErlm8zvo+qbbkbQtBntT73xKlVty0XbV2tK1iXRSQSK57pdCqKlQWhD3Ot+uRJos02APrll1/0rZjGbEtfKfbkFuLXlad1tQYQLWWN2WrGDmIjjOrq1xSZi8Wi3+9PJpP+y0e/mtZ348l3ackpS+QyNYlQGG4mLGCtUFunvGEBWDIbUsalDQQaVdsa5htsfUF6cHCgB7PVaqV+KXFFt1L3ymo7ODio61rWTVRXPzw8yDexV1dXMoflcnl0dCQdP336pMXe8/PzycmJ+AeDwV9//aVPEo2hruvcvK6urqRvURRHR0eq8JubGx3z8vJSdfvlyxd9lS1OWccyvs5FXqFJPBL/dDo9ODgoiuL4+HgwGOi81C9Vva1LJQa5Sy5+kbR8X61tFouF3Ksoiuvra/XLd5v6VcLBwYEeZ1arlewjwqGqKkmlfp8sNbw4k3W1DGu/x1a2x8fHJycnuhsq26Iobm5uBJrkSGKw3KLvY6O56PrGLygaVSsaDI8E9Fltg5ctKfqm2jbA3kkCqHp30ipVtJ3P+fl58kts2wZ79wig6t3LKTP6fyeQVrWtTywh/EIDDnDYZl2kVW0jxoYABHwRQNW+8kW0EGgngKrbGdECAr4INKq2tSK2ZBEOcPC4BhpV+9qNiBYCEMgRQNU5Mvgh4JUAqvaaOeKGQI5AWtW2lrA98QsNOMBhm3WRVrWN2K89HA739/c7nU632y3Lcjgc+p0LkUPg9QR2U9Wz2az78hkOh7OXz3g83t/f73a7s9ns9XRoCQGPBHZQ1bPZrNPprD+Z7+/vh8Nhp9NB2B5XKjG/nkCjalsrura73a5K+v7+fvzyESKr1Wo4HHa73fX/Xvfx8XFvb6/z8inLUttbv/wj5yGEh4cHbfzzzz8rbuVWluWHDx+enp50HG0zGo3kLp1OR/+D7fV4tL2OGUL4+vVrr9fL/VvrVVX1er2vX78m+9px1K6qKhentnllbLRfz/WPYtKoWpeCa0NqaZ2CnMPLshQlhxDu7+/39/dV9try4uJiPp+HEJ6ennq9nujN2vP5fG9vT9okG+tQ8/n83bt3vV5PVa2XypeP/Pn09HRxcaGXXmNIPLq5RF1E1es3jZrZP7+hi+2OvZ0Edk3V9q3YcDjUp+7w5SM5iJS/nhhd6/P5/P3794+Pj9KmLEv7dBWnNtZxypfPuqo3a1K7bzA2j7AeyYah5NI3dGkdkwY/nMCuqbrb7Y7HY8FavnzWEcu7tHW/ekajkWwHasilpAaSbX799dd1VYcQypeP3kiMaO+wA4qM5cTe6/UeHx97vd7FxYWc/9+9eydnBxnHhldVVfKcb/3Vy0fjLMtyb29Pt7AoSP50RCCtalsP2Mlsv1/eckuc9rktsxD/eDzudDq5eUkhLadcK7AQgspGOdjGUm+/f/9+Pp9rS3tfPd53Oh1bG6+rWmp1kbSeDi4uLh4eHnq9nmqvLEvRpMRjb/rp06fHx8fValVVlbZXe7Vazefz2WymXWQoW5Pn+OC3BKL8Rpd0nfyP/WlVR0E4+tPWzPakHZ3A9WQeTU1UqkLKqVp6RY3lUSx9VS3R+Lajim1d1RLe+iDRCTzquN4+hPD4+CgbTdRXIpEuZ2dn+sROBozTF4FdU/V4PLYvxvRb6263e39/L7mxyrfZqqoqOtOuq1q3g2Rj1UZSYPZe8v/ukPaROPWmamjHSJlRx6qqNDx5YyeHcJmUyltHk9NHp9PR/cVewvZLYNdUfX9/v+GbrRCCfrMV5Sypw8ipb8sivz1aazXb6XSiPSK6o2pSDWmgYs7dRd+B5zpav4o52hHkXnKLs7MzhB1lx/WfjaptDeDans1mP/30k353Zedif4Vi/bnvgcUvh+rff/9dvtl6enr68OGDSsuOo3bye+Cnp6ezszOtXUejkXxXLCf53377LYQgz1ipq6MTvtbVWpOrelerlYpWammtt/VMIf8uuqjX1tUSw2g02tvbe3h40NWsc+H7andMGlVr6DtgyBNbHtryi1F5ROd+MSqSSD5mRVr2wbuhsaJbf8zKpbIs9S56XNeTcKfT6fV6Z2dnepDWu3c6nbIsVboymqj6zz///M+LcfubFhthr9eTulq66G9g5Bxh45TYdLfSuWC4I7CbqpZfm4zHY/n9SbfbzdXS7hJGwBBoJbCzqm6dOQ0gsKsE0qq2NZWdOX6hAQc4bLMu0qq2EWNDAAK+CKBqX/kiWgi0E0DV7YxoAQFfBBpV21oRW7IIBzh4XAONqn3tRkQLAQjkCKDqHBn8EPBKAFV7zRxxQyBHIK1qW0vYnviFBhzgsM26SKvaRowNAQj4IoCqfeWLaCHQTgBVtzOiBQR8EWhUbWtFbMkiHODgcQ00qva1GxEtBCCQI4Cqc2TwQ8ArAVTtNXPEDYEcgbSqbS1he+IXGnCAwzbrIq1qGzE2BCDgiwCq9pUvooVAOwFU3c6IFhDwRaBRta0VsSWLcICDxzXQqNrXbkS0EIBAjgCqzpHBDwGvBFC118wRNwRyBNKqtrWE7YlfaMABDtusi7SqbcTYEICALwKo2le+iBYC7QRQdTsjWkDAF4FG1bZWxJYswgEOHtdAo2pfuxHRQgACOQKoOkcGPwS8EkDVXjNH3BDIEUir2tYStid+oQEHOGyzLtKqthFjQwACvgigal/5IloItBNA1e2MaAEBXwRQta98ES0E2gmg6nZGtICALwJpVfOOV7IIBzhYPXtZD2lV25lgQwACvgigal/5IloItBNA1e2MaAEBXwQaVduaAVuyCAc4eFwDjap97UZECwEI5Aig6hwZ/BDwSgBVe80ccUMgRyCtaltL2J74hQYc4LDNukir2kaMDQEI+CKAqn3li2gh0E4AVbczogUEfBFoVG1rRWzJIhzg4HENNKr2tRsRLQQgkCOAqnNk8EPAKwFU7TVzxA2BHIG0qm0tYXviFxpwgMM26yKtahsxNgQg4IsAqvaVL6KFQDsBVN3OiBYQ8EWgUbWtFbEli3CAg8c10Kja125EtBCAQI4Aqs6RwQ8BrwRQtdfMETcEcgTSqra1hO2JX2jAAQ7brIu0qm3E2BCAgC8CqNpXvogWAu0EUHU7I1pAwBeBRtW2VsSWLMIBDh7XQKNqX7sR0UIAAjkCqDpHBj8EvBJA1V4zR9wQyBFIq9rWErYnfqEBBzhssy7SqrYRY0MAAr4IoGpf+SJaCLQTQNXtjGgBAV8EGlXbWhFbsggHOHhcA42qfe1GRAsBCOQIoOocGfwQ8EoAVXvNHHFDIEcgrWpbS9ie+IUGHOCwzbpIq9pGjA0BCPgigKp95YtoIdBOAFW3M6IFBHwRaFRta0VsySIc4OBxDTSq9rUbES0EIJAjgKpzZPBDwCsBVO01c8QNgRyBtKptLWF74hcacIDDNusirWobMTYEIOCLAKr2lS+ihUA7AVTdzogWEPBFoFG1rRWxJYtwgIPHNdCo2tduRLQQgECOAKrOkcEPAa8EULXXzBE3BHIE0qq2tYTtiV9owAEO26yLtKptxNgQgIAvAqjaV76IFgLtBFB1OyNaQMAXgUbVtlbElizCAQ4e10Cjal+7EdFCAAI5Aqg6RwY/BLwSQNVeM0fcEMgRSKva1hK2J36hAQc4bLMu0qq2EWNDAAK+CKBqX/kiWgi0E0DV7YxoAQFfBBpV21oRW7IIBzh4XAP/BjMW6yHtNTfgAAAAAElFTkSuQmCC\"></p>', '[\"Linux\"]', 0, 1, 1873353890192175106, '2024-12-30 14:55:11', '2024-12-30 19:07:01', 0);
INSERT INTO `post` VALUES (1873637948159688705, 'aa', '<p><strong>需求</strong></p><p><strong>1、cursor:\'</strong><strong style=\"color: rgb(227, 148, 220);\">pointer</strong><strong>\'没有效果！！！</strong></p><p><strong>2、编辑权限入口要鉴权，不是谁都显示的！不是谁都能该的</strong></p><p><strong>3、....富文本编辑器还需要看看</strong></p>', '[\"ww\",\"ss\",\"aa\"]', 0, 0, 1872960463587885057, '2024-12-30 15:51:12', '2024-12-30 19:08:46', 0);

-- ----------------------------
-- Table structure for post_favour
-- ----------------------------
DROP TABLE IF EXISTS `post_favour`;
CREATE TABLE `post_favour`  (
  `id` bigint(20) NOT NULL AUTO_INCREMENT COMMENT 'id',
  `postId` bigint(20) NOT NULL COMMENT '帖子 id',
  `userId` bigint(20) NOT NULL COMMENT '创建用户 id',
  `createTime` datetime NOT NULL DEFAULT CURRENT_TIMESTAMP COMMENT '创建时间',
  `updateTime` datetime NOT NULL DEFAULT CURRENT_TIMESTAMP ON UPDATE CURRENT_TIMESTAMP COMMENT '更新时间',
  PRIMARY KEY (`id`) USING BTREE,
  INDEX `idx_postId`(`postId`) USING BTREE,
  INDEX `idx_userId`(`userId`) USING BTREE
) ENGINE = MyISAM AUTO_INCREMENT = 19 CHARACTER SET = utf8 COLLATE = utf8_unicode_ci COMMENT = '帖子收藏' ROW_FORMAT = Fixed;

-- ----------------------------
-- Records of post_favour
-- ----------------------------
INSERT INTO `post_favour` VALUES (1, 1873352784884043777, 1872960463587885057, '2024-12-29 21:05:59', '2024-12-29 21:05:59');
INSERT INTO `post_favour` VALUES (2, 1873623824147152898, 1872960463587885057, '2024-12-30 15:16:57', '2024-12-30 15:16:57');
INSERT INTO `post_favour` VALUES (12, 1873623854874624001, 1872960463587885057, '2024-12-30 15:29:59', '2024-12-30 15:29:59');
INSERT INTO `post_favour` VALUES (15, 1873623852404178946, 1872960463587885057, '2024-12-30 15:37:25', '2024-12-30 15:37:25');
INSERT INTO `post_favour` VALUES (14, 1873623578704871425, 1872960463587885057, '2024-12-30 15:30:30', '2024-12-30 15:30:30');
INSERT INTO `post_favour` VALUES (18, 1873623510975250434, 1872960463587885057, '2024-12-30 17:01:30', '2024-12-30 17:01:30');

-- ----------------------------
-- Table structure for post_thumb
-- ----------------------------
DROP TABLE IF EXISTS `post_thumb`;
CREATE TABLE `post_thumb`  (
  `id` bigint(20) NOT NULL AUTO_INCREMENT COMMENT 'id',
  `postId` bigint(20) NOT NULL COMMENT '帖子 id',
  `userId` bigint(20) NOT NULL COMMENT '创建用户 id',
  `createTime` datetime NOT NULL DEFAULT CURRENT_TIMESTAMP COMMENT '创建时间',
  `updateTime` datetime NOT NULL DEFAULT CURRENT_TIMESTAMP ON UPDATE CURRENT_TIMESTAMP COMMENT '更新时间',
  PRIMARY KEY (`id`) USING BTREE,
  INDEX `idx_postId`(`postId`) USING BTREE,
  INDEX `idx_userId`(`userId`) USING BTREE
) ENGINE = MyISAM AUTO_INCREMENT = 16 CHARACTER SET = utf8 COLLATE = utf8_unicode_ci COMMENT = '帖子点赞' ROW_FORMAT = Fixed;

-- ----------------------------
-- Records of post_thumb
-- ----------------------------
INSERT INTO `post_thumb` VALUES (1, 1873352784884043777, 1872960463587885057, '2024-12-29 21:04:17', '2024-12-29 21:04:39');
INSERT INTO `post_thumb` VALUES (4, 1873623510975250434, 1872960463587885057, '2024-12-30 15:14:49', '2024-12-30 15:14:49');
INSERT INTO `post_thumb` VALUES (5, 1873623578704871425, 1872960463587885057, '2024-12-30 15:15:47', '2024-12-30 15:15:47');

-- ----------------------------
-- Table structure for user
-- ----------------------------
DROP TABLE IF EXISTS `user`;
CREATE TABLE `user`  (
  `id` bigint(20) NOT NULL AUTO_INCREMENT COMMENT 'id',
  `userAccount` varchar(256) CHARACTER SET utf8 COLLATE utf8_general_ci NOT NULL COMMENT '账号',
  `userPassword` varchar(512) CHARACTER SET utf8 COLLATE utf8_general_ci NOT NULL COMMENT '密码',
  `unionId` varchar(256) CHARACTER SET utf8 COLLATE utf8_general_ci NULL DEFAULT NULL COMMENT '微信开放平台id',
  `mpOpenId` varchar(256) CHARACTER SET utf8 COLLATE utf8_general_ci NULL DEFAULT NULL COMMENT '公众号openId',
  `userName` varchar(256) CHARACTER SET utf8 COLLATE utf8_general_ci NULL DEFAULT NULL COMMENT '用户昵称',
  `userAvatar` varchar(1024) CHARACTER SET utf8 COLLATE utf8_general_ci NULL DEFAULT NULL COMMENT '用户头像',
  `userProfile` varchar(512) CHARACTER SET utf8 COLLATE utf8_general_ci NULL DEFAULT NULL COMMENT '用户简介',
  `userSex` tinyint(4) NOT NULL DEFAULT 1 COMMENT '用户性别 0-女；1-男',
  `userRole` varchar(256) CHARACTER SET utf8 COLLATE utf8_general_ci NOT NULL DEFAULT 'user' COMMENT '用户角色：user/admin/ban',
  `createTime` datetime NOT NULL DEFAULT CURRENT_TIMESTAMP COMMENT '创建时间',
  `updateTime` datetime NOT NULL DEFAULT CURRENT_TIMESTAMP ON UPDATE CURRENT_TIMESTAMP COMMENT '更新时间',
  `isDelete` tinyint(4) NOT NULL DEFAULT 0 COMMENT '是否删除',
  PRIMARY KEY (`id`) USING BTREE,
  INDEX `idx_unionId`(`unionId`) USING BTREE
) ENGINE = MyISAM AUTO_INCREMENT = 1883806522757136387 CHARACTER SET = utf8 COLLATE = utf8_general_ci COMMENT = '用户' ROW_FORMAT = Dynamic;

-- ----------------------------
-- Records of user
-- ----------------------------
INSERT INTO `user` VALUES (1872960463587885057, 'zhujiao', '6aab0efdec799fbee67efa582d45d7c0', NULL, NULL, '猪脚', 'https://img1.baidu.com/it/u=3598104138,3632108415&fm=253&app=120&size=w931&n=0&f=JPEG&fmt=auto?sec=1735491600&t=adaea02ca631f25b7740ca2b7fb776a1', '猪脚角', 0, 'admin', '2024-12-28 18:59:07', '2025-01-27 17:17:43', 0);
INSERT INTO `user` VALUES (1872960463587885058, 'zzzz', 'b0dd3697a192885d7c055db46155b26a', NULL, NULL, '222', '', '22', 0, 'user', '2024-12-29 17:36:37', '2024-12-29 17:40:13', 0);
INSERT INTO `user` VALUES (1873353481914437633, 'lhczczcsk', 'b0dd3697a192885d7c055db46155b26a', NULL, NULL, 'lhczczcsk', 'https://img2.baidu.com/it/u=867214675,686927818&fm=253&fmt=auto&app=120&f=JPEG?w=800&h=800', '222', 0, 'user', '2024-12-29 21:00:49', '2024-12-30 14:27:57', 0);
INSERT INTO `user` VALUES (1873353890192175105, 'lhkkkkk0', 'b0dd3697a192885d7c055db46155b26a', NULL, NULL, 'lhkkkkk0', 'https://img2.baidu.com/it/u=867214675,686927818&fm=253&fmt=auto&app=120&f=JPEG?w=800&h=800', '708963338&os=931887108', 0, 'user', '2024-12-29 21:02:27', '2024-12-30 14:27:45', 0);
INSERT INTO `user` VALUES (1873353890192175106, 'lhkkkkk1', 'b0dd3697a192885d7c055db46155b26a', NULL, NULL, 'lhkkkkk1', 'https://img2.baidu.com/it/u=867214675,686927818&fm=253&fmt=auto&app=120&f=JPEG?w=800&h=800', '93445409&os=3470369746', 0, 'user', '2024-12-29 21:02:27', '2024-12-30 14:27:57', 0);
INSERT INTO `user` VALUES (1873353890192175107, 'lhkkkkk2', 'b0dd3697a192885d7c055db46155b26a', NULL, NULL, 'lhkkkkk2', 'https://img2.baidu.com/it/u=867214675,686927818&fm=253&fmt=auto&app=120&f=JPEG?w=800&h=800', '441296703&fm=253&fmt=auto&app=120&f=JPEG?w=800&h=800', 0, 'user', '2024-12-29 21:02:27', '2024-12-30 14:27:57', 0);
INSERT INTO `user` VALUES (1873353890192175108, 'lhkkkkk3', 'b0dd3697a192885d7c055db46155b26a', NULL, NULL, 'lhkkkkk3', 'https://img2.baidu.com/it/u=867214675,686927818&fm=253&fmt=auto&app=120&f=JPEG?w=800&h=800', '1475481927&os=1057172432', 0, 'user', '2024-12-29 21:02:27', '2024-12-30 14:27:57', 0);
INSERT INTO `user` VALUES (1873353890192175109, 'lhkkkkk4', 'b0dd3697a192885d7c055db46155b26a', NULL, NULL, 'lhkkkkk4', 'https://img2.baidu.com/it/u=867214675,686927818&fm=253&fmt=auto&app=120&f=JPEG?w=800&h=800', '491223233&os=639469759', 0, 'user', '2024-12-29 21:02:27', '2024-12-30 14:27:57', 0);
INSERT INTO `user` VALUES (1873353890259283969, 'lhkkkkk5', 'b0dd3697a192885d7c055db46155b26a', NULL, NULL, 'lhkkkkk5', 'https://img2.baidu.com/it/u=867214675,686927818&fm=253&fmt=auto&app=120&f=JPEG?w=800&h=800', '2506719985&os=2176370360', 0, 'user', '2024-12-29 21:02:27', '2024-12-30 14:27:57', 0);
INSERT INTO `user` VALUES (1873353890259283970, 'lhkkkkk6', 'b0dd3697a192885d7c055db46155b26a', NULL, NULL, 'lhkkkkk6', 'https://img2.baidu.com/it/u=867214675,686927818&fm=253&fmt=auto&app=120&f=JPEG?w=800&h=800', '2540506601&os=3672160767', 0, 'user', '2024-12-29 21:02:27', '2024-12-30 14:27:57', 0);
INSERT INTO `user` VALUES (1873353890259283971, 'lhkkkkk7', 'b0dd3697a192885d7c055db46155b26a', NULL, NULL, 'lhkkkkk7', 'https://img2.baidu.com/it/u=867214675,686927818&fm=253&fmt=auto&app=120&f=JPEG?w=800&h=800', '3636013038&fm=253&fmt=auto&app=120&f=JPEG?w=500&h=500', 0, 'user', '2024-12-29 21:02:27', '2024-12-30 14:27:57', 0);
INSERT INTO `user` VALUES (1873353890326392834, 'lhkkkkk8', 'b0dd3697a192885d7c055db46155b26a', NULL, NULL, 'lhkkkkk8', 'https://img2.baidu.com/it/u=867214675,686927818&fm=253&fmt=auto&app=120&f=JPEG?w=800&h=800', '2264945923&os=3527236898', 0, 'user', '2024-12-29 21:02:27', '2024-12-30 14:27:57', 0);
INSERT INTO `user` VALUES (1873353890326392835, 'lhkkkkk9', 'b0dd3697a192885d7c055db46155b26a', NULL, NULL, NULL, NULL, NULL, 0, 'user', '2024-12-29 21:02:27', '2024-12-29 21:02:27', 0);
INSERT INTO `user` VALUES (1873353890326392836, 'lhkkkkk10', 'b0dd3697a192885d7c055db46155b26a', NULL, NULL, NULL, NULL, NULL, 0, 'user', '2024-12-29 21:02:27', '2024-12-29 21:02:27', 0);
INSERT INTO `user` VALUES (1873353890326392837, 'lhkkkkk11', 'b0dd3697a192885d7c055db46155b26a', NULL, NULL, NULL, NULL, NULL, 0, 'user', '2024-12-29 21:02:27', '2024-12-29 21:02:27', 0);
INSERT INTO `user` VALUES (1873353890326392838, 'lhkkkkk12', 'b0dd3697a192885d7c055db46155b26a', NULL, NULL, NULL, NULL, NULL, 0, 'user', '2024-12-29 21:02:27', '2024-12-29 21:02:27', 0);
INSERT INTO `user` VALUES (1873353890326392839, 'lhkkkkk13', 'b0dd3697a192885d7c055db46155b26a', NULL, NULL, NULL, NULL, NULL, 0, 'user', '2024-12-29 21:02:27', '2024-12-29 21:02:27', 0);
INSERT INTO `user` VALUES (1873353890393501697, 'lhkkkkk14', 'b0dd3697a192885d7c055db46155b26a', NULL, NULL, NULL, NULL, NULL, 0, 'user', '2024-12-29 21:02:27', '2024-12-29 21:02:27', 0);
INSERT INTO `user` VALUES (1873353890393501698, 'lhkkkkk15', 'b0dd3697a192885d7c055db46155b26a', NULL, NULL, NULL, NULL, NULL, 0, 'user', '2024-12-29 21:02:27', '2024-12-29 21:02:27', 0);
INSERT INTO `user` VALUES (1873353890393501699, 'lhkkkkk16', 'b0dd3697a192885d7c055db46155b26a', NULL, NULL, NULL, NULL, NULL, 0, 'user', '2024-12-29 21:02:27', '2024-12-29 21:02:27', 0);
INSERT INTO `user` VALUES (1873353890393501700, 'lhkkkkk17', 'b0dd3697a192885d7c055db46155b26a', NULL, NULL, NULL, NULL, NULL, 0, 'user', '2024-12-29 21:02:27', '2024-12-29 21:02:27', 0);
INSERT INTO `user` VALUES (1873353890393501701, 'lhkkkkk18', 'b0dd3697a192885d7c055db46155b26a', NULL, NULL, NULL, NULL, NULL, 0, 'user', '2024-12-29 21:02:27', '2024-12-29 21:02:27', 0);
INSERT INTO `user` VALUES (1873353890456416258, 'lhkkkkk19', 'b0dd3697a192885d7c055db46155b26a', NULL, NULL, NULL, NULL, NULL, 0, 'user', '2024-12-29 21:02:27', '2024-12-29 21:02:27', 0);
INSERT INTO `user` VALUES (1873353890456416259, 'lhkkkkk20', 'b0dd3697a192885d7c055db46155b26a', NULL, NULL, NULL, NULL, NULL, 0, 'user', '2024-12-29 21:02:27', '2024-12-29 21:02:27', 0);
INSERT INTO `user` VALUES (1873353890456416260, 'lhkkkkk21', 'b0dd3697a192885d7c055db46155b26a', NULL, NULL, NULL, NULL, NULL, 0, 'user', '2024-12-29 21:02:27', '2024-12-29 21:02:27', 0);
INSERT INTO `user` VALUES (1873353890456416261, 'lhkkkkk22', 'b0dd3697a192885d7c055db46155b26a', NULL, NULL, NULL, NULL, NULL, 0, 'user', '2024-12-29 21:02:27', '2024-12-29 21:02:27', 0);
INSERT INTO `user` VALUES (1873353890456416262, 'lhkkkkk23', 'b0dd3697a192885d7c055db46155b26a', NULL, NULL, NULL, NULL, NULL, 0, 'user', '2024-12-29 21:02:27', '2024-12-29 21:02:27', 0);
INSERT INTO `user` VALUES (1873353890456416263, 'lhkkkkk24', 'b0dd3697a192885d7c055db46155b26a', NULL, NULL, NULL, NULL, NULL, 0, 'user', '2024-12-29 21:02:27', '2024-12-29 21:02:27', 0);
INSERT INTO `user` VALUES (1873353890519330817, 'lhkkkkk25', 'b0dd3697a192885d7c055db46155b26a', NULL, NULL, NULL, NULL, NULL, 0, 'user', '2024-12-29 21:02:27', '2024-12-29 21:02:27', 0);
INSERT INTO `user` VALUES (1873353890519330818, 'lhkkkkk26', 'b0dd3697a192885d7c055db46155b26a', NULL, NULL, NULL, NULL, NULL, 0, 'user', '2024-12-29 21:02:27', '2024-12-29 21:02:27', 0);
INSERT INTO `user` VALUES (1873353890519330819, 'lhkkkkk27', 'b0dd3697a192885d7c055db46155b26a', NULL, NULL, NULL, NULL, NULL, 0, 'user', '2024-12-29 21:02:27', '2024-12-29 21:02:27', 0);
INSERT INTO `user` VALUES (1873353890519330820, 'lhkkkkk28', 'b0dd3697a192885d7c055db46155b26a', NULL, NULL, NULL, NULL, NULL, 0, 'user', '2024-12-29 21:02:27', '2024-12-29 21:02:27', 0);
INSERT INTO `user` VALUES (1873353890519330821, 'lhkkkkk29', 'b0dd3697a192885d7c055db46155b26a', NULL, NULL, NULL, NULL, NULL, 0, 'user', '2024-12-29 21:02:27', '2024-12-29 21:02:27', 0);
INSERT INTO `user` VALUES (1873353890519330822, 'lhkkkkk30', 'b0dd3697a192885d7c055db46155b26a', NULL, NULL, NULL, NULL, NULL, 0, 'user', '2024-12-29 21:02:27', '2024-12-29 21:02:27', 0);
INSERT INTO `user` VALUES (1873353890519330823, 'lhkkkkk31', 'b0dd3697a192885d7c055db46155b26a', NULL, NULL, NULL, NULL, NULL, 0, 'user', '2024-12-29 21:02:27', '2024-12-29 21:02:27', 0);
INSERT INTO `user` VALUES (1873353890582245378, 'lhkkkkk32', 'b0dd3697a192885d7c055db46155b26a', NULL, NULL, NULL, NULL, NULL, 0, 'user', '2024-12-29 21:02:27', '2024-12-29 21:02:27', 0);
INSERT INTO `user` VALUES (1873353890582245379, 'lhkkkkk33', 'b0dd3697a192885d7c055db46155b26a', NULL, NULL, NULL, NULL, NULL, 0, 'user', '2024-12-29 21:02:27', '2024-12-29 21:02:27', 0);
INSERT INTO `user` VALUES (1873353890582245380, 'lhkkkkk34', 'b0dd3697a192885d7c055db46155b26a', NULL, NULL, NULL, NULL, NULL, 0, 'user', '2024-12-29 21:02:27', '2024-12-29 21:02:27', 0);
INSERT INTO `user` VALUES (1873353890582245381, 'lhkkkkk35', 'b0dd3697a192885d7c055db46155b26a', NULL, NULL, NULL, NULL, NULL, 0, 'user', '2024-12-29 21:02:27', '2024-12-29 21:02:27', 0);
INSERT INTO `user` VALUES (1873353890582245382, 'lhkkkkk36', 'b0dd3697a192885d7c055db46155b26a', NULL, NULL, NULL, NULL, NULL, 0, 'user', '2024-12-29 21:02:27', '2024-12-29 21:02:27', 0);
INSERT INTO `user` VALUES (1873353890582245383, 'lhkkkkk37', 'b0dd3697a192885d7c055db46155b26a', NULL, NULL, NULL, NULL, NULL, 0, 'user', '2024-12-29 21:02:27', '2024-12-29 21:02:27', 0);
INSERT INTO `user` VALUES (1873353890582245384, 'lhkkkkk38', 'b0dd3697a192885d7c055db46155b26a', NULL, NULL, NULL, NULL, NULL, 0, 'user', '2024-12-29 21:02:27', '2024-12-29 21:02:27', 0);
INSERT INTO `user` VALUES (1873353890582245385, 'lhkkkkk39', 'b0dd3697a192885d7c055db46155b26a', NULL, NULL, NULL, NULL, NULL, 0, 'user', '2024-12-29 21:02:27', '2024-12-29 21:02:27', 0);
INSERT INTO `user` VALUES (1873353890645159937, 'lhkkkkk40', 'b0dd3697a192885d7c055db46155b26a', NULL, NULL, NULL, NULL, NULL, 0, 'user', '2024-12-29 21:02:27', '2024-12-29 21:02:27', 0);
INSERT INTO `user` VALUES (1873353890645159938, 'lhkkkkk41', 'b0dd3697a192885d7c055db46155b26a', NULL, NULL, NULL, NULL, NULL, 0, 'user', '2024-12-29 21:02:27', '2024-12-29 21:02:27', 0);
INSERT INTO `user` VALUES (1873353890645159939, 'lhkkkkk42', 'b0dd3697a192885d7c055db46155b26a', NULL, NULL, NULL, NULL, NULL, 0, 'user', '2024-12-29 21:02:27', '2024-12-29 21:02:27', 0);
INSERT INTO `user` VALUES (1873353890645159940, 'lhkkkkk43', 'b0dd3697a192885d7c055db46155b26a', NULL, NULL, NULL, NULL, NULL, 0, 'user', '2024-12-29 21:02:27', '2024-12-29 21:02:27', 0);
INSERT INTO `user` VALUES (1873353890645159941, 'lhkkkkk44', 'b0dd3697a192885d7c055db46155b26a', NULL, NULL, NULL, NULL, NULL, 0, 'user', '2024-12-29 21:02:27', '2024-12-29 21:02:27', 0);
INSERT INTO `user` VALUES (1873353890645159942, 'lhkkkkk45', 'b0dd3697a192885d7c055db46155b26a', NULL, NULL, NULL, NULL, NULL, 0, 'user', '2024-12-29 21:02:27', '2024-12-29 21:02:27', 0);
INSERT INTO `user` VALUES (1873353890645159943, 'lhkkkkk46', 'b0dd3697a192885d7c055db46155b26a', NULL, NULL, NULL, NULL, NULL, 0, 'user', '2024-12-29 21:02:27', '2024-12-29 21:02:27', 0);
INSERT INTO `user` VALUES (1873353890645159944, 'lhkkkkk47', 'b0dd3697a192885d7c055db46155b26a', NULL, NULL, NULL, NULL, NULL, 0, 'user', '2024-12-29 21:02:27', '2024-12-29 21:02:27', 0);
INSERT INTO `user` VALUES (1873353890708074497, 'lhkkkkk48', 'b0dd3697a192885d7c055db46155b26a', NULL, NULL, NULL, NULL, NULL, 0, 'user', '2024-12-29 21:02:27', '2024-12-29 21:02:27', 0);
INSERT INTO `user` VALUES (1873353890708074498, 'lhkkkkk49', 'b0dd3697a192885d7c055db46155b26a', NULL, NULL, NULL, NULL, NULL, 0, 'user', '2024-12-29 21:02:27', '2024-12-29 21:02:27', 0);
INSERT INTO `user` VALUES (1873353890708074499, 'lhkkkkk50', 'b0dd3697a192885d7c055db46155b26a', NULL, NULL, NULL, NULL, NULL, 0, 'user', '2024-12-29 21:02:27', '2024-12-29 21:02:27', 0);
INSERT INTO `user` VALUES (1873353890708074500, 'lhkkkkk51', 'b0dd3697a192885d7c055db46155b26a', NULL, NULL, NULL, NULL, NULL, 0, 'user', '2024-12-29 21:02:27', '2024-12-29 21:02:27', 0);
INSERT INTO `user` VALUES (1873353890708074501, 'lhkkkkk52', 'b0dd3697a192885d7c055db46155b26a', NULL, NULL, NULL, NULL, NULL, 0, 'user', '2024-12-29 21:02:27', '2024-12-29 21:02:27', 0);
INSERT INTO `user` VALUES (1873353890708074502, 'lhkkkkk53', 'b0dd3697a192885d7c055db46155b26a', NULL, NULL, NULL, NULL, NULL, 0, 'user', '2024-12-29 21:02:27', '2024-12-29 21:02:27', 0);
INSERT INTO `user` VALUES (1873353890708074503, 'lhkkkkk54', 'b0dd3697a192885d7c055db46155b26a', NULL, NULL, NULL, NULL, NULL, 0, 'user', '2024-12-29 21:02:27', '2024-12-29 21:02:27', 0);
INSERT INTO `user` VALUES (1873353890708074504, 'lhkkkkk55', 'b0dd3697a192885d7c055db46155b26a', NULL, NULL, NULL, NULL, NULL, 0, 'user', '2024-12-29 21:02:27', '2024-12-29 21:02:27', 0);
INSERT INTO `user` VALUES (1873353890708074505, 'lhkkkkk56', 'b0dd3697a192885d7c055db46155b26a', NULL, NULL, NULL, NULL, NULL, 0, 'user', '2024-12-29 21:02:27', '2024-12-29 21:02:27', 0);
INSERT INTO `user` VALUES (1873353890708074506, 'lhkkkkk57', 'b0dd3697a192885d7c055db46155b26a', NULL, NULL, NULL, NULL, NULL, 0, 'user', '2024-12-29 21:02:27', '2024-12-29 21:02:27', 0);
INSERT INTO `user` VALUES (1873353890775183361, 'lhkkkkk58', 'b0dd3697a192885d7c055db46155b26a', NULL, NULL, NULL, NULL, NULL, 0, 'user', '2024-12-29 21:02:27', '2024-12-29 21:02:27', 0);
INSERT INTO `user` VALUES (1873353890775183362, 'lhkkkkk59', 'b0dd3697a192885d7c055db46155b26a', NULL, NULL, NULL, NULL, NULL, 0, 'user', '2024-12-29 21:02:27', '2024-12-29 21:02:27', 0);
INSERT INTO `user` VALUES (1873353890775183363, 'lhkkkkk60', 'b0dd3697a192885d7c055db46155b26a', NULL, NULL, NULL, NULL, NULL, 0, 'user', '2024-12-29 21:02:27', '2024-12-29 21:02:27', 0);
INSERT INTO `user` VALUES (1873353890775183364, 'lhkkkkk61', 'b0dd3697a192885d7c055db46155b26a', NULL, NULL, NULL, NULL, NULL, 0, 'user', '2024-12-29 21:02:27', '2024-12-29 21:02:27', 0);
INSERT INTO `user` VALUES (1873353890775183365, 'lhkkkkk62', 'b0dd3697a192885d7c055db46155b26a', NULL, NULL, NULL, NULL, NULL, 0, 'user', '2024-12-29 21:02:27', '2024-12-29 21:02:27', 0);
INSERT INTO `user` VALUES (1873353890775183366, 'lhkkkkk63', 'b0dd3697a192885d7c055db46155b26a', NULL, NULL, NULL, NULL, NULL, 0, 'user', '2024-12-29 21:02:27', '2024-12-29 21:02:27', 0);
INSERT INTO `user` VALUES (1873353890775183367, 'lhkkkkk64', 'b0dd3697a192885d7c055db46155b26a', NULL, NULL, NULL, NULL, NULL, 0, 'user', '2024-12-29 21:02:27', '2024-12-29 21:02:27', 0);
INSERT INTO `user` VALUES (1873353890775183368, 'lhkkkkk65', 'b0dd3697a192885d7c055db46155b26a', NULL, NULL, NULL, NULL, NULL, 0, 'user', '2024-12-29 21:02:27', '2024-12-29 21:02:27', 0);
INSERT INTO `user` VALUES (1873353890838097921, 'lhkkkkk66', 'b0dd3697a192885d7c055db46155b26a', NULL, NULL, NULL, NULL, NULL, 0, 'user', '2024-12-29 21:02:27', '2024-12-29 21:02:27', 0);
INSERT INTO `user` VALUES (1873353890838097922, 'lhkkkkk67', 'b0dd3697a192885d7c055db46155b26a', NULL, NULL, NULL, NULL, NULL, 0, 'user', '2024-12-29 21:02:27', '2024-12-29 21:02:27', 0);
INSERT INTO `user` VALUES (1873353890838097923, 'lhkkkkk68', 'b0dd3697a192885d7c055db46155b26a', NULL, NULL, NULL, NULL, NULL, 0, 'user', '2024-12-29 21:02:27', '2024-12-29 21:02:27', 0);
INSERT INTO `user` VALUES (1873353890838097924, 'lhkkkkk69', 'b0dd3697a192885d7c055db46155b26a', NULL, NULL, NULL, NULL, NULL, 0, 'user', '2024-12-29 21:02:27', '2024-12-29 21:02:27', 0);
INSERT INTO `user` VALUES (1873353890838097925, 'lhkkkkk70', 'b0dd3697a192885d7c055db46155b26a', NULL, NULL, NULL, NULL, NULL, 0, 'user', '2024-12-29 21:02:27', '2024-12-29 21:02:27', 0);
INSERT INTO `user` VALUES (1873353890838097926, 'lhkkkkk71', 'b0dd3697a192885d7c055db46155b26a', NULL, NULL, NULL, NULL, NULL, 0, 'user', '2024-12-29 21:02:27', '2024-12-29 21:02:27', 0);
INSERT INTO `user` VALUES (1873353890838097927, 'lhkkkkk72', 'b0dd3697a192885d7c055db46155b26a', NULL, NULL, NULL, NULL, NULL, 0, 'user', '2024-12-29 21:02:27', '2024-12-29 21:02:27', 0);
INSERT INTO `user` VALUES (1873353890838097928, 'lhkkkkk73', 'b0dd3697a192885d7c055db46155b26a', NULL, NULL, NULL, NULL, NULL, 0, 'user', '2024-12-29 21:02:27', '2024-12-29 21:02:27', 0);
INSERT INTO `user` VALUES (1873353890838097929, 'lhkkkkk74', 'b0dd3697a192885d7c055db46155b26a', NULL, NULL, NULL, NULL, NULL, 0, 'user', '2024-12-29 21:02:27', '2024-12-29 21:02:27', 0);
INSERT INTO `user` VALUES (1873353890838097930, 'lhkkkkk75', 'b0dd3697a192885d7c055db46155b26a', NULL, NULL, NULL, NULL, NULL, 0, 'user', '2024-12-29 21:02:27', '2024-12-29 21:02:27', 0);
INSERT INTO `user` VALUES (1873353890838097931, 'lhkkkkk76', 'b0dd3697a192885d7c055db46155b26a', NULL, NULL, NULL, NULL, NULL, 0, 'user', '2024-12-29 21:02:27', '2024-12-29 21:02:27', 0);
INSERT INTO `user` VALUES (1873353890838097932, 'lhkkkkk77', 'b0dd3697a192885d7c055db46155b26a', NULL, NULL, NULL, NULL, NULL, 0, 'user', '2024-12-29 21:02:27', '2024-12-29 21:02:27', 0);
INSERT INTO `user` VALUES (1873353890838097933, 'lhkkkkk78', 'b0dd3697a192885d7c055db46155b26a', NULL, NULL, NULL, NULL, NULL, 0, 'user', '2024-12-29 21:02:27', '2024-12-29 21:02:27', 0);
INSERT INTO `user` VALUES (1873353890901012481, 'lhkkkkk79', 'b0dd3697a192885d7c055db46155b26a', NULL, NULL, NULL, NULL, NULL, 0, 'user', '2024-12-29 21:02:27', '2024-12-29 21:02:27', 0);
INSERT INTO `user` VALUES (1873353890901012482, 'lhkkkkk80', 'b0dd3697a192885d7c055db46155b26a', NULL, NULL, NULL, NULL, NULL, 0, 'user', '2024-12-29 21:02:27', '2024-12-29 21:02:27', 0);
INSERT INTO `user` VALUES (1873353890901012483, 'lhkkkkk81', 'b0dd3697a192885d7c055db46155b26a', NULL, NULL, NULL, NULL, NULL, 0, 'user', '2024-12-29 21:02:27', '2024-12-29 21:02:27', 0);
INSERT INTO `user` VALUES (1873353890901012484, 'lhkkkkk82', 'b0dd3697a192885d7c055db46155b26a', NULL, NULL, NULL, NULL, NULL, 0, 'user', '2024-12-29 21:02:27', '2024-12-29 21:02:27', 0);
INSERT INTO `user` VALUES (1873353890901012485, 'lhkkkkk83', 'b0dd3697a192885d7c055db46155b26a', NULL, NULL, NULL, NULL, NULL, 0, 'user', '2024-12-29 21:02:27', '2024-12-29 21:02:27', 0);
INSERT INTO `user` VALUES (1873353890901012486, 'lhkkkkk84', 'b0dd3697a192885d7c055db46155b26a', NULL, NULL, NULL, NULL, NULL, 0, 'user', '2024-12-29 21:02:27', '2024-12-29 21:02:27', 0);
INSERT INTO `user` VALUES (1873353890901012487, 'lhkkkkk85', 'b0dd3697a192885d7c055db46155b26a', NULL, NULL, NULL, NULL, NULL, 0, 'user', '2024-12-29 21:02:27', '2024-12-29 21:02:27', 0);
INSERT INTO `user` VALUES (1873353890901012488, 'lhkkkkk86', 'b0dd3697a192885d7c055db46155b26a', NULL, NULL, NULL, NULL, NULL, 0, 'user', '2024-12-29 21:02:27', '2024-12-29 21:02:27', 0);
INSERT INTO `user` VALUES (1873353890901012489, 'lhkkkkk87', 'b0dd3697a192885d7c055db46155b26a', NULL, NULL, NULL, NULL, NULL, 0, 'user', '2024-12-29 21:02:27', '2024-12-29 21:02:27', 0);
INSERT INTO `user` VALUES (1873353890901012490, 'lhkkkkk88', 'b0dd3697a192885d7c055db46155b26a', NULL, NULL, NULL, NULL, NULL, 0, 'user', '2024-12-29 21:02:27', '2024-12-29 21:02:27', 0);
INSERT INTO `user` VALUES (1873353890901012491, 'lhkkkkk89', 'b0dd3697a192885d7c055db46155b26a', NULL, NULL, NULL, NULL, NULL, 0, 'user', '2024-12-29 21:02:27', '2024-12-29 21:02:27', 0);
INSERT INTO `user` VALUES (1873353890963927041, 'lhkkkkk90', 'b0dd3697a192885d7c055db46155b26a', NULL, NULL, NULL, NULL, NULL, 0, 'user', '2024-12-29 21:02:27', '2024-12-29 21:02:27', 0);
INSERT INTO `user` VALUES (1873353890963927042, 'lhkkkkk91', 'b0dd3697a192885d7c055db46155b26a', NULL, NULL, NULL, NULL, NULL, 0, 'user', '2024-12-29 21:02:27', '2024-12-29 21:02:27', 0);
INSERT INTO `user` VALUES (1873353890963927043, 'lhkkkkk92', 'b0dd3697a192885d7c055db46155b26a', NULL, NULL, NULL, NULL, NULL, 0, 'user', '2024-12-29 21:02:27', '2024-12-29 21:02:27', 0);
INSERT INTO `user` VALUES (1873353890963927044, 'lhkkkkk93', 'b0dd3697a192885d7c055db46155b26a', NULL, NULL, NULL, NULL, NULL, 0, 'user', '2024-12-29 21:02:27', '2024-12-29 21:02:27', 0);
INSERT INTO `user` VALUES (1873353890963927045, 'lhkkkkk94', 'b0dd3697a192885d7c055db46155b26a', NULL, NULL, NULL, NULL, NULL, 0, 'user', '2024-12-29 21:02:27', '2024-12-29 21:02:27', 0);
INSERT INTO `user` VALUES (1873353890963927046, 'lhkkkkk95', 'b0dd3697a192885d7c055db46155b26a', NULL, NULL, NULL, NULL, NULL, 0, 'user', '2024-12-29 21:02:27', '2024-12-29 21:02:27', 0);
INSERT INTO `user` VALUES (1873353890963927047, 'lhkkkkk96', 'b0dd3697a192885d7c055db46155b26a', NULL, NULL, NULL, NULL, NULL, 0, 'user', '2024-12-29 21:02:27', '2024-12-29 21:02:27', 0);
INSERT INTO `user` VALUES (1873353890963927048, 'lhkkkkk97', 'b0dd3697a192885d7c055db46155b26a', NULL, NULL, NULL, NULL, NULL, 0, 'user', '2024-12-29 21:02:27', '2024-12-29 21:02:27', 0);
INSERT INTO `user` VALUES (1873353890963927049, 'lhkkkkk98', 'b0dd3697a192885d7c055db46155b26a', NULL, NULL, NULL, NULL, NULL, 0, 'user', '2024-12-29 21:02:27', '2024-12-29 21:02:27', 0);
INSERT INTO `user` VALUES (1873353891031035905, 'lhkkkkk99', 'b0dd3697a192885d7c055db46155b26a', NULL, NULL, NULL, NULL, NULL, 0, 'user', '2024-12-29 21:02:27', '2024-12-29 21:02:27', 0);
INSERT INTO `user` VALUES (1883806522757136386, 'zhujiao1', '6aab0efdec799fbee67efa582d45d7c0', NULL, NULL, 'user_132137', NULL, NULL, 1, 'user', '2025-01-27 17:17:29', '2025-01-27 17:17:29', 0);

SET FOREIGN_KEY_CHECKS = 1;
